,sigma_mi,evoid_ratio,psi,eta,eta/Mtheta,theta,Dp,K,G,iplas,e,q,p,sx,sy,sz,sxy,ea,eps_v,eps_1,eps_2,eps_3,phase,s1,s2,s3,Mtheta,xi_i,Mi
0,301.955291748047,0.920256078243256,0.100000001490116,0.75,0.625,0.523598790168762,0.307566434144974,93333.3359375,70000.0,0,0.446000036480814,300.0,400.0,300.0,600.0,300.0,-1.95086248532536e-12,2.39999827282996,-3.5999975679457,0.0239999827282996,0.00599999479446555,0.00599999479446555,0,600.0,300.000001587115,299.999998412885,1.2,4.444444444444445,1.0444444421264862
1,301.955284782804,0.920256063586761,0.1,0.749999999999989,0.625000004288699,0.523598759587124,0.307566432056179,93333.3333333331,69999.9999999998,0,0.446,299.999999999994,399.999999999998,300.000000000001,599.999999999994,299.999999999999,-1.9508624652552e-12,2.39999999999999,-3.5999999999999996,0.0239999999999999,0.00600000007354906,0.00600000007354906,0,599.999999999994,299.999999968908,300.000000031092,1.1999999917656805,4.444444444444445,1.0444444372775368
2,301.955291748047,0.920313775539398,0.0998469740152359,0.755286991596222,0.629405796527862,0.523598790168762,0.302189667029067,93006.09375,69754.5703125,0,0.44604511188721,300.0,397.200012207031,297.200012207031,597.200012207031,297.200012207031,-1.90097794198413e-12,2.39899605377998,-3.59699254085266,0.0239899605377998,0.00598998269547943,0.00598998269547943,1,597.200012207031,297.200013799976,297.200010614087,1.200000056819921,4.444444444444445,1.0446825343308355
3,301.955291748047,0.92037171125412,0.0996926575899125,0.760649025440216,0.633874177932739,0.523598790168762,0.296737551689148,92677.703125,69508.2734375,0,0.44609033259912,300.0,394.400024414063,294.400024414063,594.400024414063,294.400024414063,-1.78028877795465e-12,2.3979918867853898,-3.59397782672531,0.0239799188678539,0.00597992980246871,0.00597992980246871,1,594.400024414063,294.400026018573,294.400022809552,1.2000000188064597,4.444444444444445,1.0449225490139917
4,301.955291748047,0.920429825782776,0.0995370373129845,0.766087770462037,0.638406455516815,0.523598790168762,0.291208386421204,92348.140625,69261.1015625,0,0.446135715693571,300.0,391.600036621094,291.600036621094,591.600036621094,291.600036621094,-1.81383935213451e-12,2.3969836719413,-3.59095228709526,0.023969836719413,0.00596984704065487,0.00596984704065487,1,591.600036621094,291.600038208209,291.600035033979,1.2000000373458928,4.444444444444445,1.0451646411514175
5,301.955291748047,0.920488119125366,0.0993800982832909,0.771604895591736,0.643004059791565,0.523598795213163,0.285600577870318,92017.390625,69013.046875,0,0.44618131388662,300.0,388.800048828125,288.800048828125,588.800048828125,288.800048828125,-1.85441629971567e-12,2.39596956309154,-3.58791240755869,0.0239596956309154,0.00595972010853022,0.00595972010853022,1,588.800048828125,288.80005041524,288.80004724101,1.2000000370788606,4.444444444444445,1.045408768305907
6,301.955291748047,0.920546710491181,0.0992218106985093,0.777202010154724,0.647668361663818,0.523598790168762,0.279912352561951,91685.453125,68764.09375,0,0.446227025884202,300.000030517578,386.000040690104,286.000030517578,586.000061035156,286.000030517578,-1.87238618566765e-12,2.39495400574756,-3.5848649410531905,0.0239495400574756,0.00594955474703073,0.00594955474703073,1,586.000061035156,286.000030517578,286.000030517578,1.19999996318817,4.444444444444445,1.0456549290585915
7,301.955291748047,0.920605421066285,0.0990621596574784,0.782880902290344,0.65240079164505,0.523598790168762,0.274142026901245,91352.3125,68514.234375,0,0.446272925196213,299.999969482422,383.200032552083,283.20004272461,583.200012207031,283.20004272461,-1.7182971121753e-12,2.39393420247431,-3.58180498691912,0.0239393420247431,0.0059393583241646,0.0059393583241646,1,583.200012207031,283.20004272461,283.200042724609,1.1999999269103951,4.444444444444445,1.0459032434955953
8,301.955291748047,0.920664429664612,0.098901130259037,0.788643479347229,0.657202899456024,0.523598748542569,0.268287748098374,91017.953125,68263.4609375,0,0.446318952694673,300.0,380.400024414063,280.400024414063,580.400024414063,280.400024414063,-1.74657890627375e-12,2.3929124023782102,-3.5787364870217804,0.0239291240237821,0.00592912118598734,0.00592912118598734,1,580.400024414063,280.400026854385,280.40002197374,1.2000000000000004,4.444444444444445,1.0461537973748316
9,301.955291748047,0.920723617076874,0.0987386852502823,0.794491469860077,0.662076177404322,0.523598790168762,0.262347668409348,90682.3593750001,68011.765625,0,0.446365192303663,300.0,377.600036621094,277.600036621094,577.600036621094,277.600036621094,-1.80436606815457e-12,2.39188413126916,-3.57565384642251,0.0239188413126916,0.00591884932249846,0.00591884932249846,1,577.600036621094,277.600038225604,277.600035016583,1.200000086054887,4.444444444444445,1.0464065646509988
10,301.955291748047,0.920783042907715,0.0985748171806336,0.800426840782166,0.667022347450257,0.523598803591282,0.256319880485535,90345.515625,67759.1328125,0,0.446411591257308,300.0,374.800048828125,274.800048828125,574.800048828125,274.800048828125,-1.88873709812092e-12,2.39085341413659,-3.5725605828461395,0.0239085341413659,0.00590853612314723,0.00590853612314723,1,574.800048828125,274.80005041524,274.80004724101,1.2000000357437164,4.444444444444445,1.046661426673099
11,301.955291748047,0.920842707157135,0.0984094962477684,0.806451499462128,0.672042965888977,0.523598796878959,0.250202387571335,90007.4140625,67505.5625,0,0.446458169804381,300.000030517578,372.000040690104,272.000030517578,572.000061035156,272.000030517578,-1.71438746965471e-12,2.38981803219421,-3.56945534637461,0.0238981803219421,0.00589818692124008,0.00589818692124008,1,572.000061035156,272.000030517578,272.000030517578,1.199999911308283,4.444444444444445,1.0469184840148564
12,301.955291748047,0.92090255022049,0.0982427075505257,0.81256765127182,0.677139699459076,0.523598790168762,0.243993163108826,89668.03125,67251.0234375,0,0.446504938008364,299.999969482422,369.200032552083,269.20004272461,569.200012207031,269.20004272461,-1.69050369554243e-12,2.38877773516586,-3.5663374661090597,0.0238877773516586,0.00588779711078335,0.00588779711078335,1,569.200012207031,269.200042724609,269.200042724609,1.200000017604829,4.444444444444445,1.047178025839785
13,301.955291748047,0.920962631702424,0.098074421286583,0.818777203559876,0.682314336299897,0.523598796881084,0.237690106034279,89327.3671875,66995.5234375,0,0.446551845889634,299.999969482422,366.400044759115,266.400054931641,566.400024414063,266.400054931641,-1.80983807093009e-12,2.3877357223163997,-3.56321027402439,0.023877357223164,0.00587737488218091,0.00587737488218091,1,566.400024414063,266.400054931641,266.40005493164,1.1999999999999995,4.444444444444445,1.0474397891097593
14,301.955291748047,0.921022951602936,0.0979046076536179,0.825082421302796,0.687568664550781,0.523598790168762,0.231291057357402,88985.3984375,66739.046875,0,0.446598977818695,300.0,363.600036621094,263.600036621094,563.600036621094,263.600036621094,-1.73106793605413e-12,2.38668790789664,-3.5600681454203302,0.0238668790789664,0.00586690227576215,0.00586690227576215,1,563.600036621094,263.600038194135,263.600035048052,1.200000034675604,4.444444444444445,1.0477039739247334
15,301.955291748047,0.921083569526673,0.0977332592010498,0.831485509872437,0.692904591560364,0.523598790710041,0.224793761968613,88642.109375,66481.578125,0,0.446646246498858,300.0,360.800048828125,260.800048828125,560.800048828125,260.800048828125,-1.64070717688623e-12,2.38563951530031,-3.55691690007615,0.0238563951530031,0.00585639001667519,0.00585639001667519,1,560.800048828125,260.800051268447,260.800046387803,1.2000000000000002,4.444444444444445,1.047970485687256
16,301.955291748047,0.921144366264344,0.0975603312253952,0.837988734245301,0.698323965072632,0.523598790168762,0.21819594502449,88297.484375,66223.109375,0,0.446693713021456,300.000030517578,358.000040690104,258.000030517578,558.000061035156,258.000030517578,-1.7611919093116e-12,2.38458422727433,-3.5537524652363,0.0238458422727433,0.00584584126221622,0.00584584126221622,1,558.000061035156,258.000028737299,258.000032297858,1.1999999658584575,4.444444444444445,1.0482394549367355
17,301.955291748047,0.921205401420594,0.0973858162760735,0.844594478607178,0.703828752040863,0.523598790168762,0.211495220661163,87951.5078125,65963.6328125,0,0.446741375092805,300.000030517578,355.200052897135,255.200042724609,555.200073242188,255.200042724609,-1.69665066746648e-12,2.38352502021599,-3.5505749938130298,0.0238352502021599,0.00583525565142622,0.00583525565142622,1,555.200073242188,255.20004272461,255.200042724609,1.199999966125485,4.444444444444445,1.0485109228612746
18,301.955291748047,0.921266674995423,0.0972096771001816,0.85130524635315,0.709421038627624,0.523598796878959,0.204689162928726,87604.1640625,65703.125,0,0.446789251806561,299.999984741211,352.400034586589,252.400039672852,552.400024414063,252.400039672852,-1.60674649077788e-12,2.3824612633103497,-3.54738321289592,0.0238246126331035,0.00582461763225641,0.00582461763225641,1,552.400024414063,252.400040363111,252.400038982592,1.2000000000000017,4.444444444444445,1.0487849467330523
19,301.955291748047,0.921328186988831,0.0970318913459778,0.858123481273651,0.715102910995483,0.523598748542569,0.197775195809526,87255.4453125,65441.58203125,0,0.446837240564733,300.0,349.600036621094,249.600036621094,549.600036621094,249.600036621094,-1.61423957598026e-12,2.38139494522525,-3.5441839623511098,0.0238139494522525,0.00581395037938722,0.00581395037938722,1,549.600036621094,249.600038208209,249.600035033979,1.199999983329772,4.444444444444445,1.0490614877772892
20,301.955291748047,0.921389997005463,0.0968524292111397,0.865051805973053,0.720876514911652,0.523598795216042,0.190750777721405,86905.3203125,65178.98828125,0,0.446885511421438,300.0,346.800048828125,246.800048828125,546.800048828125,246.800048828125,-1.67550766380047e-12,2.38032243854157,-3.54096590523746,0.0238032243854157,0.00580322337205345,0.00580322337205345,1,546.800048828125,246.80005041524,246.80004724101,1.199999983463285,4.444444444444445,1.0493406512110208
21,301.955291748047,0.921451985836029,0.0966712608933449,0.87209290266037,0.726744115352631,0.523598787436623,0.183613166213036,86553.78125,64915.33203125,0,0.446933898568573,300.000015258789,344.00005086263,244.000045776367,544.000061035156,244.000045776367,-1.63393483776186e-12,2.3792477753462897,-3.53774009542846,0.0237924777534629,0.00579246271253295,0.00579246271253295,1,544.000061035156,244.000048525331,244.000043027403,1.1999999507904,4.444444444444445,1.049622440011878
22,301.955291748047,0.921514272689819,0.0964883640408516,0.879249572753907,0.732707977294922,0.523598790168762,0.176359593868256,86200.8046875,64650.60546875,0,0.446982538809913,300.000030517578,341.200052897136,241.20004272461,541.200073242188,241.20004272461,-1.65686798931086e-12,2.3781659382650098,-3.5344974126724598,0.0237816593826501,0.00578165793207211,0.00578165793207211,1,541.200073242188,241.200042916581,241.200042532638,1.2000000000000008,4.444444444444445,1.0499069892697872
23,301.955291748047,0.921576857566834,0.0963037014007569,0.886524677276612,0.738770604133606,0.523598790168762,0.168987200794523,85846.3828125,64384.78515625,0,0.447031374982501,299.999984741211,338.400034586589,238.400039672852,538.400024414063,238.400039672852,-1.55294104677935e-12,2.3770800865125,-3.5312416678332403,0.023770800865125,0.00577080799581262,0.00577080799581262,1,538.400024414063,238.400039672852,238.400039672852,1.1999999354553161,4.444444444444445,1.0501941857784431
24,301.955291748047,0.921639621257782,0.0961172506213189,0.893921196460724,0.74493432044983,0.523598790168762,0.161492988467216,85490.4843750001,64117.86328125,0,0.447080452288922,299.999984741211,335.60004679362,235.600051879883,535.600036621094,235.600051879883,-1.62862900890597e-12,2.3759890664788097,-3.5279698474052,0.0237598906647881,0.00575991174899469,0.00575991174899469,1,535.600036621094,235.600051879883,235.600051879883,1.2000000160026565,4.444444444444445,1.0504842908200642
25,301.955291748047,0.9217027425766,0.0959289744496346,0.901442170143128,0.751201808452606,0.523598790168762,0.153873905539513,85133.1015625,63849.828125,0,0.447129624565154,300.0,332.800048828125,232.800048828125,532.800048828125,232.800048828125,-1.43158644997897e-12,2.37489709279363,-3.52469169565638,0.0237489709279363,0.00574897355457155,0.00574897355457155,1,532.800048828125,232.800049724981,232.800047931269,1.200000000000001,4.444444444444445,1.050777150856125
26,301.955291748047,0.921766042709351,0.0957388430833817,0.909090757369995,0.757575631141663,0.523598790168762,0.146126791834145,84774.21875,63580.6640625,0,0.447179055388447,300.000015258789,330.00005086263,230.000045776367,530.000061035156,230.000045776367,-1.47078517697386e-12,2.37379805047825,-3.52139630743685,0.0237379805047825,0.00573799327967422,0.00573799327967422,1,530.000061035156,230.000047256181,230.000044296553,1.199999999999999,4.444444444444445,1.0510729107591832
27,301.955291748047,0.921829640865326,0.0955468192696572,0.916870296001435,0.764058589935303,0.523598796881084,0.138248340973468,84413.8046875,63310.3515625,0,0.44722870410184,300.000015258789,327.200063069662,227.200057983399,527.200073242188,227.200057983399,-1.54333484588747e-12,2.37269461901942,-3.51808639321064,0.0237269461901942,0.00572696067488012,0.00572696067488012,1,527.200073242188,227.20006072206,227.200055244737,1.1999999843978868,4.444444444444445,1.0513716007997396
28,301.955291748047,0.921893537044525,0.0953528806567192,0.924784064292908,0.770653367042542,0.523598790168762,0.13023516535759,84051.84375,63038.8828125,0,0.447278599888416,299.999969482422,324.400044759115,224.400054931641,524.400024414063,224.400054931641,-1.50340025129574e-12,2.37158657556333,-3.51476000743894,0.0237158657556333,0.00571587605998273,0.00571587605998273,1,524.400024414063,224.400054931641,224.400054931641,1.2000000309372005,4.444444444444445,1.0516733238694043
29,301.955291748047,0.921957731246949,0.0951569750905037,0.932835698127747,0.777363061904908,0.523598796878959,0.122083754186172,83688.3203125,62766.23828125,0,0.447328643948116,299.999984741211,321.60004679362,221.600051879883,521.600036621094,221.600051879883,-1.54789118863562e-12,2.37047378975534,-3.51142373679224,0.0237047378975534,0.00570475852000422,0.00570475852000422,1,521.600036621094,221.600051879883,221.600051879883,1.2000000306701701,4.444444444444445,1.05197806563506
30,301.955291748047,0.922022163867951,0.0949590876698494,0.941028714179993,0.784190595149994,0.523598790168762,0.113790474490541,83323.203125,62492.40625,0,0.447378962885358,300.0,318.800048828125,218.800048828125,518.800048828125,218.800048828125,-1.47993102281771e-12,2.36935561873901,-3.5080691409761404,0.0236935561873901,0.00569357351887062,0.00569357351887062,1,518.800048828125,218.800050440972,218.800047215278,1.2000000000000002,4.444444444444445,1.052285863624679
31,301.955291748047,0.922086894512177,0.0947591662406922,0.949366927146912,0.791139125823975,0.523598790168762,0.105351560104985,82956.4921875,62217.3671875,0,0.447429462347283,300.0,316.000061035156,216.000061035156,516.000061035156,216.000061035156,-1.50891666875209e-12,2.36823390738814,-3.50470251018111,0.0236823390738814,0.00568234695908933,0.00568234695908933,1,516.000061035156,216.000062648004,216.000059422309,1.199999969863887,4.444444444444445,1.0525968260801641
32,301.955291748047,0.922151923179627,0.0945571810007096,0.957854211330414,0.798211872577667,0.523598790168762,0.0967631045570013,82588.140625,61941.10546875,0,0.447480211380717,300.000015258789,313.200063069662,213.200057983398,513.200073242188,213.200057983398,-1.43472539263396e-12,2.36710645371467,-3.50131924128556,0.0236710645371467,0.00567106725618316,0.00567106725618316,1,513.200073242188,213.200059480608,213.200056486189,1.1999999551963738,4.444444444444445,1.052911012464813
33,301.955291748047,0.922217249870301,0.0943530872464181,0.966494679450989,0.805412232875824,0.523598790168762,0.0880210647175775,82218.1484375,61663.609375,0,0.447531173237098,300.0,310.400054931641,210.400054931641,510.400054931641,210.400054931641,-1.37112105483593e-12,2.36597488894714,-3.4979217841935,0.0236597488894714,0.00565973881937105,0.00565973881937105,1,510.400054931641,210.400057090138,210.400052773143,1.2000000000000002,4.444444444444445,1.0532285309500165
34,301.955291748047,0.922282814979554,0.0941468551754951,0.975292384624482,0.812743663787842,0.523598790709439,0.0791212701904652,81846.4765625,61384.85546875,0,0.447582409076446,300.000015258789,307.600056966146,207.600051879883,507.600067138672,207.600051879883,-1.45496457323624e-12,2.3648349382847,-3.4945060615702896,0.023648349382847,0.00564836598576678,0.00564836598576678,1,507.600067138672,207.600054618544,207.600049141222,1.1999999853324868,4.444444444444445,1.053549323516217
35,301.955291748047,0.922348737716675,0.0939384326338768,0.98425179719925,0.820209801197052,0.523598790168762,0.0700593590736389,81473.1093750001,61104.83203125,0,0.447633820798273,299.999984741211,304.800059000651,204.800064086914,504.800048828125,204.800064086914,-1.34709937683639e-12,2.3636916213528503,-3.4910786134484497,0.0236369162135285,0.00563693782618652,0.00563693782618652,1,504.800048828125,204.800064100988,204.800064072841,1.200000043602,4.444444444444445,1.053873587528687
36,301.955291748047,0.922414958477021,0.0937277898192406,0.993377268314362,0.827814400196076,0.523598790168762,0.0608308465735675,81098.03125,60823.51953125,0,0.447685488885788,300.0,302.000061035156,202.000061035156,502.000061035156,202.000061035156,-1.35849955962814e-12,2.36254419842368,-3.48763407428083,0.0236254419842368,0.00562545178212194,0.00562545178212194,1,502.000061035156,202.000061917939,202.000060152374,1.1999999855995147,4.444444444444445,1.0542012031858958
37,301.955291748047,0.92248147726059,0.0935148745775223,1.00267362594605,0.835561335086823,0.523598790168762,0.0514310523864175,80721.203125,60540.90234375,0,0.447737402938226,300.000015258789,299.200063069662,199.200057983398,499.200073242188,199.200057983398,-1.38141866972659e-12,2.36138997138413,-3.4841731374516196,0.0236138997138413,0.00561392200250944,0.00561392200250944,1,499.200073242188,199.200060732362,199.200055234435,1.2000000285339465,4.444444444444445,1.0545324423988305
38,301.955291748047,0.922548353672028,0.093299649655819,1.01214551925659,0.843454599380494,0.523598790168762,0.0418551270726514,80342.609375,60256.95703125,0,0.447789516332591,300.0,296.400054931641,196.400054931641,496.400054931641,196.400054931641,-1.42763058228181e-12,2.36023424901426,-3.4806989111606104,0.0236023424901426,0.0056023289644924,0.0056023289644924,1,496.400054931641,196.400056083704,196.400053779578,1.1999999999999966,4.444444444444445,1.0548672116465008
39,301.955291748047,0.92261552810669,0.0930820629000664,1.0217981338501,0.851498484611512,0.523598790168762,0.0320980437099934,79962.21875,59971.66796875,0,0.447841968672383,300.0,293.600067138672,193.600067138672,493.600067138672,193.600067138672,-1.36649477041652e-12,2.3590664355153503,-3.47720208850777,0.0235906643551535,0.00559068403059372,0.00559068403059372,1,493.600067138672,193.600067351342,193.600066926002,1.1999999440002358,4.444444444444445,1.0552056306905058
40,301.955291748047,0.922683000564576,0.092862069606781,1.03163659572601,0.859697222709656,0.523598790168762,0.022154577135752,79580.015625,59685.01171875,0,0.447894590375689,299.999984741211,290.800059000651,190.800064086914,490.800048828125,190.800064086914,-1.31733886189218e-12,2.3578973949342,-3.4736939749541,0.023578973949342,0.00557898749107823,0.00557898749107823,1,490.800048828125,190.800064086914,190.800064086914,1.1999999168014328,4.444444444444445,1.0555478185393916
41,301.955291748047,0.92275083065033,0.0926396325230599,1.04166638851166,0.86805534362793,0.523598790168762,0.0120192943129373,79195.96875,59396.9765625,0,0.447947483407191,300.0,288.000061035156,188.000061035156,488.000061035156,188.000061035156,-1.34026109108844e-12,2.3567230366222303,-3.4701677728539098,0.0235672303662223,0.00556722415831015,0.00556722415831015,1,488.000061035156,188.000062908186,188.000059162127,1.199999972534175,4.444444444444445,1.0558938807966314
42,301.955291748047,0.922818958759308,0.0924146845936776,1.05189311504364,0.876577615737916,0.523598790168762,0.00168655622208905,78810.046875,59107.53515625,0,0.448000628742897,300.0,285.200073242188,185.200073242188,485.200073242188,185.200073242188,-1.25711143912609e-12,2.3555428049214,-3.4666247504735703,0.023555428049214,0.00555541013980338,0.00555541013980338,1,485.200073242188,185.200074829302,185.200071655073,1.1999999728011999,4.444444444444445,1.05624380002492
43,301.955291748047,0.922887444496155,0.0921871811151505,1.06232273578644,0.885268926620484,0.523598790168762,-0.0088495034724474,78422.2265625,58816.671875,0,0.448054076648817,299.999984741211,282.400065104167,182.40007019043,482.400054931641,182.40007019043,-1.3056911360401e-12,2.35435240518825,-3.4630615567455,0.0235435240518825,0.00554355474899525,0.00554355474899525,1,482.400054931641,182.400070210333,182.400070170527,1.20000002693177,4.444444444444445,1.0565977419786938
44,301.955291748047,0.922956287860871,0.0919570773839951,1.07296109199524,0.894134283065796,0.523598790168762,-0.0195949889941154,78032.484375,58524.359375,0,0.448107751065536,300.0,279.600067138672,179.600067138672,479.600067138672,179.600067138672,-1.2626511213732e-12,2.35316186688609,-3.4594832622976304,0.0235316186688609,0.0055316071690003,0.0055316071690003,1,479.600067138672,179.600068725787,179.600065551557,1.1999999466705211,4.444444444444445,1.0569556104302622
45,301.955291748047,0.92302542924881,0.091724306344986,1.08381474018097,0.903178989887238,0.523598790168762,-0.0305562381066932,77640.78125,58230.58203125,0,0.448161715586418,300.000015258789,276.800069173177,176.800064086914,476.800079345703,176.800064086914,-1.37318587002499e-12,2.3519626576744597,-3.4558856275721204,0.0235196265767446,0.00551961405123475,0.00551961405123475,1,476.800079345703,176.800065640314,176.800062533514,1.1999999472045781,4.444444444444445,1.0573176991676303
46,301.955291748047,0.923094987869263,0.0914888232946396,1.09489023685455,0.912408530712128,0.523598790168762,-0.0417398624125575,77247.0859375,57935.31640625,0,0.448215986830496,299.999984741211,274.000071207682,174.000076293945,474.000061035156,174.000076293945,-1.22042552015548e-12,2.3507560771823597,-3.4522675446336297,0.0235075607718236,0.0055075659094207,0.0055075659094207,1,474.000061035156,174.000076293945,174.000076293945,1.199999999999996,4.444444444444445,1.0576840526527793
47,301.955291748047,0.92316484451294,0.0912505611777306,1.1061943769455,0.92182868719101,0.523598790168762,-0.0531527435831918,76851.3828125,57638.53515625,0,0.448270472711584,300.0,271.200073242188,171.200073242188,471.200073242188,171.200073242188,-1.22018202113339e-12,2.34954481400809,-3.4486351525610806,0.0234954481400809,0.00549545776194351,0.00549545776194351,1,471.200073242188,171.200074835132,171.200071649243,1.1999999482726968,4.444444444444445,1.058054637003823
48,301.955291748047,0.92323511838913,0.0910094678401947,1.11773443222046,0.931445360183716,0.523598790168762,-0.0648020437571272,76453.625,57340.22265625,0,0.448325273381496,300.000015258789,268.400075276693,168.40007019043,468.400085449219,168.40007019043,-1.21675149745061e-12,2.34832667438961,-3.44498177456696,0.0234832667438961,0.00548327830214951,0.00548327830214951,1,468.400085449219,168.400073410237,168.400066970623,1.2000000000000008,4.444444444444445,1.0584297166930312
49,301.955291748047,0.923305749893189,0.0907654836773873,1.1295177936554,0.941264808177948,0.523598790168762,-0.0766952327444101,76053.796875,57040.34375,0,0.44838036795669,299.999984741211,265.600077311198,165.600082397461,465.600067138672,165.600082397461,-1.1692311084211e-12,2.34710161270919,-3.44130880288734,0.0234710161270919,0.00547104203838062,0.00547104203838062,1,465.600067138672,165.600082397461,165.600082397461,1.2000000253296013,4.444444444444445,1.0588092699622997
50,301.955291748047,0.923376739025117,0.0905185341835022,1.14155220985413,0.951293468475342,0.523598790168762,-0.0888401015368902,75651.84375,56738.8828125,0,0.448435714064523,300.0,262.800079345703,162.800079345703,462.800079345703,162.800079345703,-1.14681632421757e-12,2.34587206084451,-3.43761906236517,0.0234587206084451,0.00545874227029006,0.00545874227029006,1,462.800079345703,162.80008095855,162.800077732856,1.2000000501251413,4.444444444444445,1.059193435513623
51,301.955291748047,0.923448085784912,0.0902685672044754,1.15384578704834,0.961538195610047,0.523598790168762,-0.101244767743138,75247.75,56435.8125,0,0.448491390883182,300.000015258789,260.000081380208,160.000076293945,460.000091552734,160.000076293945,-1.05729336459415e-12,2.3446345144465996,-3.43390727445451,0.023446345144466,0.00544637137280022,0.00544637137280022,1,460.000091552734,160.000079018533,160.000073569357,1.1999999504089212,4.444444444444445,1.0595821850048501
52,301.955291748047,0.923519849777222,0.0900155007839203,1.16640710830689,0.972005903720856,0.523598790168762,-0.113917698070313,74841.4765625,56131.10546875,0,0.448547347156292,299.999984741211,257.200083414714,157.200088500977,457.200073242188,157.200088500977,-1.16957948843864e-12,2.34339162892329,-3.43017685624721,0.0234339162892329,0.00543392440721994,0.00543392440721994,1,457.200073242188,157.200088500977,157.200088500977,1.2000000245285165,4.444444444444445,1.0599759093358208
53,301.955291748047,0.923592031002045,0.0897592827677727,1.1792448759079,0.982704102993012,0.523598790168762,-0.12686775624752,74432.9765625,55824.734375,0,0.448603620180909,300.0,254.400085449219,154.400085449219,454.400085449219,154.400085449219,-1.1557687021784e-12,2.34214147264079,-3.42642532127275,0.0234214147264079,0.00542142556932252,0.00542142556932252,1,454.400085449219,154.400086346074,154.400084552363,1.1999999514770374,4.444444444444445,1.0603744061508178
54,301.955291748047,0.923664569854736,0.0894998237490654,1.19236838817596,0.993640363216401,0.523598790168762,-0.140104160396513,74022.234375,55516.671875,0,0.448660190318731,300.000015258789,251.600087483724,151.600082397461,451.60009765625,151.600082397461,-1.0416067729442e-12,2.3408854714466,-3.4226539787512595,0.023408854714466,0.00540884872999209,0.00540884872999209,1,451.60009765625,151.600082397461,151.600082397461,1.1999999520110867,4.444444444444445,1.0607780095245767
55,301.955291748047,0.923737585544586,0.0892370641231537,1.20578742027283,1.00482285022736,0.523598790168762,-0.153636607617675,73609.1875,55206.89453125,0,0.448717106379253,300.0,248.800079345703,148.800079345703,448.800079345703,148.800079345703,-1.17591024969603e-12,2.33961963749226,-3.4188595747164796,0.0233961963749226,0.00539619985913411,0.00539619985913411,1,448.800079345703,148.800080955979,148.800077735427,1.1999999999999982,4.444444444444445,1.0611867891417592
56,301.955291748047,0.923810958862305,0.0889709144830704,1.21951174736023,1.01625978946686,0.523598790168762,-0.167475149035454,73193.8203125,54895.36328125,0,0.448774305978015,300.0,246.000091552734,146.000091552734,446.000091552734,146.000091552734,-1.0489023699702e-12,2.33834927293831,-3.41504626813236,0.0233834927293831,0.00538348553844544,0.00538348553844544,1,446.000091552734,146.000093139849,146.00008996562,1.1999999999999982,4.444444444444445,1.061600799693
57,301.955291748047,0.923884749412536,0.088701292872429,1.23355221748352,1.02796018123627,0.523598790168762,-0.181630373001099,72776.078125,54582.05859375,0,0.448831846696141,300.000015258789,243.20009358724,143.200088500977,443.200103759766,143.200088500977,-1.07552074343113e-12,2.33706893795432,-3.4112102202572903,0.0233706893795432,0.00537071143082034,0.00537071143082034,1,443.200103759766,143.200088500977,143.200088500977,1.1999999999999962,4.444444444444445,1.0620202110873294
58,301.955291748047,0.923959016799927,0.0884281322360039,1.24791967868805,1.03993308544159,0.523598790168762,-0.196113333106041,72355.921875,54266.94140625,0,0.4488897347692,300.0,240.400085449219,140.400085449219,440.400085449219,140.400085449219,-9.83171566902714e-13,2.33578266119779,-3.4073510153866495,0.0233578266119779,0.00535784944994324,0.00535784944994324,1,440.400085449219,140.400086332001,140.400084566437,1.1999999770736614,4.444444444444445,1.0624451073345689
59,301.955291748047,0.924033641815186,0.0881513357162476,1.26262581348419,1.05218815803528,0.523598790168762,-0.210935592651367,71933.3203125,53949.98828125,0,0.448947977643151,300.0,237.60009765625,137.60009765625,437.60009765625,137.60009765625,-9.9188450497401e-13,2.33448937331707,-3.40346815712325,0.0233448937331707,0.00534489216171857,0.00534489216171857,1,437.60009765625,137.600099249194,137.600096063306,1.2000000226593064,4.444444444444445,1.0628757200669698
60,301.955291748047,0.924108803272247,0.0878708213567734,1.27768266201019,1.06473553180695,0.523598790168762,-0.226109289881847,71508.2109375,53631.16015625,0,0.449006517729028,300.000015258789,234.800099690755,134.800094604492,434.800109863281,134.800094604492,-9.30716393797721e-13,2.33318997404128,-3.3995654847315,0.0233318997404128,0.00533188316453155,0.00533188316453155,1,434.800109863281,134.800094604492,134.800094604492,1.2000000223922742,4.444444444444445,1.0633120755088874
61,301.955291748047,0.924184381961823,0.087586484849453,1.29310286045075,1.07758569717407,0.523598790168762,-0.241647133429244,71080.5625,53310.421875,0,0.449065434407637,299.999984741211,232.00010172526,132.000106811523,432.000091552735,132.000106811523,-9.40199682599625e-13,2.33187944665293,-3.39563770615751,0.0233187944665293,0.00531879529436852,0.00531879529436852,1,432.000091552735,132.00010835499,132.000105268057,1.200000022125262,4.444444444444445,1.0637543765140542
62,301.955291748047,0.924260377883911,0.0872982442378998,1.30889999866486,1.09074997901917,0.523598790168762,-0.257562447536829,70650.328125,52987.74609375,0,0.449124714124066,300.0,229.200103759766,129.200103759766,429.200103759766,129.200103759766,-9.29468614955284e-13,2.33056135390737,-3.3916857250623003,0.0233056135390737,0.00530562246035558,0.00530562246035558,1,429.200103759766,129.200104942435,129.200102577096,1.2000000218582227,4.444444444444445,1.0642027505701395
63,301.955291748047,0.924336850643158,0.0870059952139855,1.32508778572083,1.10423982143402,0.523598790168762,-0.273869216442108,70217.453125,52663.09375,0,0.449184318106594,300.000015258789,226.400105794271,126.400100708008,426.400115966797,126.400100708008,-9.99394303172779e-13,2.32923778284488,-3.3877121262270404,0.0232923778284488,0.0052923722289011,0.0052923722289011,1,426.400115966797,126.400101684182,126.400099731834,1.2000000000000053,4.444444444444445,1.0646573407782496
64,301.955291748047,0.924413859844208,0.0867096334695816,1.34168088436127,1.11806736025273,0.523598790168762,-0.290582180023193,69781.8984375,52336.42578125,0,0.449244314647513,299.999992370606,223.600102742513,123.600105285645,423.60009765625,123.600105285645,-9.34233387424582e-13,2.32790338602887,-3.3837123568324503,0.0232790338602887,0.00527905102495998,0.00527905102495998,1,423.60009765625,123.600105299718,123.600105271571,1.2000000465606955,4.444444444444445,1.0651183892634157
65,301.955291748047,0.924491345882416,0.0864090546965599,1.3586950302124,1.13224577903748,0.523598790168762,-0.307716712644812,69343.609375,52007.703125,0,0.44930473973724,300.0,220.800109863281,120.800109863281,420.800109863282,120.800109863281,-1.05482903501113e-12,2.3265613156135,-3.3796840175173197,0.023265613156135,0.00526561985358668,0.00526561985358668,1,420.800109863281,120.80011203952,120.800107687042,1.2000000842285532,4.444444444444445,1.065585989710429
66,301.955291748047,0.924569249153138,0.0861041396856308,1.37614607810974,1.14678835868835,0.523598790168762,-0.325289070606232,68902.5234375,51676.89453125,0,0.449365459712799,300.000007629395,218.00011698405,118.000114440918,418.000122070313,118.000114440918,-8.95956368603306e-13,2.32521173030401,-3.37563601914675,0.0232521173030401,0.00525212396764737,0.00525212396764737,1,418.000122070313,118.000115131177,118.000113750659,1.2000000415802268,4.444444444444445,1.0660602640948738
67,301.955291748047,0.924647748470306,0.0857947915792466,1.39405131340027,1.16170942783356,0.523598790168762,-0.343316346406937,68458.6015625,51343.953125,0,0.449426654996546,299.999984741211,215.200113932292,115.200119018555,415.200103759766,115.200119018555,-8.83093038430034e-13,2.32385175912165,-3.3715563335636203,0.0232385175912165,0.00523852932904432,0.00523852932904432,1,415.200103759766,115.200119038458,115.200118998652,1.1999999999999984,4.444444444444445,1.0665414353211706
68,301.955291748047,0.924726724624634,0.0854808688163757,1.41242861747742,1.17702382708683,0.523598790168762,-0.361816495656967,68011.78125,51008.8359375,0,0.44948819451872,300.0,212.400115966797,112.400115966797,412.400115966797,112.400115966797,-8.67633165502886e-13,2.32248390465895,-3.367453698752,0.0232248390465895,0.00522485470583466,0.00522485470583466,1,412.400115966797,112.400117845656,112.400114087938,1.200000021217263,4.444444444444445,1.0670297784851803
69,301.955291748047,0.924806237220765,0.0851622670888901,1.43129682540894,1.19274735450745,0.523598790168762,-0.380808472633362,67562.0078125,50671.50390625,0,0.449550114834306,300.000007629395,209.600123087565,109.600120544434,409.600128173828,109.600120544434,-9.74950931513928e-13,2.3211090565598997,-3.36332567771294,0.023211090565599,0.00521108531611082,0.00521108531611082,1,409.600128173828,109.600121254596,109.600119834271,1.2,4.444444444444445,1.067525362306171
70,301.734988786866,0.924889147281647,0.0848585367202759,1.44663953781128,1.20553290843964,0.523598790168762,-0.396246038204626,67128.03125,50346.01953125,1,0.449614741849653,299.332962035781,206.916066487865,107.138412475937,406.471374511719,107.138412475937,4.29515947206596e-09,2.32005304118913,-3.35901721002312,0.0232005304118913,0.00519482355322416,0.00519482355322416,1,406.471374511719,107.138412665935,107.13841228594,1.2000000395540524,4.444444444444445,1.067997866971495
71,300.947204589844,0.92498254776001,0.0845849215984344,1.45671153068542,1.21392631530762,0.523598790168762,-0.406341377538514,66718.671875,50039.0,1,0.449687520329571,297.75203704834,204.400131225586,105.149452209473,402.901489257813,105.149452209473,7.57867889213794e-08,2.32010894706409,-3.35416531136193,0.0232010894706409,0.00517028230405678,0.00517028230405678,1,402.901489257813,105.149452209473,105.149452209473,1.1999999607194245,4.444444444444445,1.0684234203177507
72,299.491418265367,0.925002217292786,0.0846906825900078,1.44887387752533,1.20739495754242,0.523598790168762,-0.39830801089059,66814.46875,50110.8515625,1,0.449702869949782,297.001106262207,204.987543741862,105.987174987793,402.98828125,105.987174987793,1.38101144032903e-07,2.3239930090872702,-3.35314200334791,0.0232399300908727,0.00514574629797962,0.00514574629797962,1,402.98828125,105.987175875683,105.987174099903,1.1999999407604167,4.444444444444445,1.0682588854573092
73,297.365966796875,0.92494946718216,0.0851585119962693,1.42372345924377,1.18643617630005,0.523598790168762,-0.37274316766185,67396.671875,50547.50390625,1,0.449661760047999,296.953887939453,208.575541178386,109.590911865234,406.544799804688,109.590911865234,1.63544063699486e-07,2.33164122036628,-3.3558826634667605,0.0233164122036628,0.00512120914147555,0.00512120914147555,1,406.544799804688,109.590912739053,109.590910991416,1.200000040190708,4.444444444444445,1.067531239315388
74,294.623939932037,0.924834728240967,0.0859127119183541,1.38434994220734,1.15362501144409,0.523598790168762,-0.332758873701096,68379.8359375,51284.87890625,1,0.449572359799451,297.227165222168,214.705215454102,115.629493713379,412.856658935547,115.629493713379,1.66905025039396e-07,2.34250895120845,-3.36184268003658,0.0234250895120845,0.00509666972605878,0.00509666972605878,1,412.856658935547,115.629493713379,115.629493713379,1.1999999379992916,4.444444444444445,1.0663579485867674
75,291.293609619141,0.924665868282318,0.086883269250393,1.333460688591,1.11121726036072,0.523598790168762,-0.281076401472092,69690.796875,52268.0939290535,1,0.44944073086312,297.383919016763,223.016636996637,123.888664245606,421.272583007813,123.888663736494,1.59205773989997e-07,2.35619048702272,-3.37061794245865,0.0235619048702272,0.00507214366963849,0.00507214366963849,1,421.272583007813,123.888666379108,123.888661602991,1.1999999785443722,4.444444444444445,1.0648482287935657
76,287.314552084682,0.92444005578412,0.0880444082610133,1.27153101401559,1.05960918298094,0.523598765392561,-0.218153616361759,71320.5317568014,53490.398817601,1,0.449264752572744,296.990488534841,233.569205360491,134.572375875113,431.562864383718,134.572375822641,1.35686775593067e-07,2.37283050753117,-3.38234982848375,0.0237283050753117,0.0050475966526254,0.0050475966526254,1,431.562864383718,134.572377679895,134.57237401786,1.199999994751331,4.444444444444445,1.0630420269443495
